技能id,所属角色,技能类型：1普攻；2技能；3被动,技能描述,系数,CD/秒,解锁等级,升级消耗,每级提升
10001,100030001,1,对敌人造成[1]的伤害,100%,1,1,10,10%
10002,100030001,2,对敌人造成[1]的伤害,100%,600,10,10,10%
10003,100030001,2,对敌人造成[1]的伤害,100%,200,20,10,10%
10004,100030001,3,攻击提升[1],100 ,0,30,10,10 
10005,100030001,3,攻击提升[1],100 ,0,50,10,10 
10006,100030002,1,对敌人造成[1]的伤害,100%,1,1,10,10%
10007,100030002,2,对敌人造成[1]的伤害,100%,600,10,10,10%
10008,100030002,2,对敌人造成[1]的伤害,100%,200,20,10,10%
10009,100030002,3,攻击提升[1],100 ,0,30,10,10 
10010,100030002,3,攻击提升[1],100 ,0,50,10,10 
10011,100030003,1,对敌人造成[1]的伤害,100%,1,1,10,10%
10012,100030003,2,对敌人造成[1]的伤害,100%,600,10,10,10%
10013,100030003,2,对敌人造成[1]的伤害,100%,200,20,10,10%
10014,100030003,3,攻击提升[1],100 ,0,30,10,10 
10015,100030003,3,攻击提升[1],100 ,0,50,10,10 
10016,100030004,1,对敌人造成[1]的伤害,100%,1,1,10,10%
10017,100030004,2,对敌人造成[1]的伤害,100%,600,10,10,10%
10018,100030004,2,对敌人造成[1]的伤害,100%,200,20,10,10%
10019,100030004,3,攻击提升[1],100 ,0,30,10,10 
10020,100030004,3,攻击提升[1],100 ,0,50,10,10 
10021,100030005,1,对敌人造成[1]的伤害,100%,1,1,10,10%
10022,100030005,2,对敌人造成[1]的伤害,100%,600,10,10,10%
10023,100030005,2,对敌人造成[1]的伤害,100%,200,20,10,10%
10024,100030005,3,攻击提升[1],100 ,0,30,10,10 
10025,100030005,3,攻击提升[1],100 ,0,50,10,10 
10026,100030006,1,对敌人造成[1]的伤害,100%,1,1,10,10%
10027,100030006,2,对敌人造成[1]的伤害,100%,600,10,10,10%
10028,100030006,2,对敌人造成[1]的伤害,100%,200,20,10,10%
10029,100030006,3,攻击提升[1],100 ,0,30,10,10 
10030,100030006,3,攻击提升[1],100 ,0,50,10,10 
10031,100030007,1,对敌人造成[1]的伤害,100%,1,1,10,10%
10032,100030007,2,对敌人造成[1]的伤害,100%,600,10,10,10%
10033,100030007,2,对敌人造成[1]的伤害,100%,200,20,10,10%
10034,100030007,3,攻击提升[1],100 ,0,30,10,10 
10035,100030007,3,攻击提升[1],100 ,0,50,10,10 
