item_id,合成链类型,等级,合成后id,名称,开启消耗金币,生成ID；权重,icon
1001001,1,1,1001002,装备宝箱,,,
1001002,1,2,1001003,装备宝箱,,,
1001003,1,3,1001004,装备宝箱,,,
1001004,1,4,1001005,装备宝箱,20,1004001;20|1004002;5|1005001;5,
1001005,1,5,1001006,装备宝箱,50,1004001;17|1004002;5|1005001;5|1004003;3,
1001006,1,6,1001007,装备宝箱,100,1004001;15|1004002;5|1005001;5|1004003;3|1005002;2,
1001007,1,7,1001008,装备宝箱,200,1004002;15|1005001;5|1004003;5|1005002;3|1004004;2,
1001008,1,8,1001009,装备宝箱,500,1005001;15|1004003;5|1005002;5|1004004;3|1005003;2,
1001009,1,9,1001010,装备宝箱,1000,1004003;15|1005002;5|1004004;5|1005003;3|1004005;2,
1001010,1,10,1001011,装备宝箱,2000,1005002;15|1004004;5|1005003;5|1004005;3|1005004;2,
1001011,1,11,,装备宝箱,5000,1005002;15|1004004;5|1005003;5|1004005;3|1005004;2,
1002001,2,1,1002002,宝石宝箱,,,
1002002,2,2,1002003,宝石宝箱,,,
1002003,2,3,1002004,宝石宝箱,20,1006001;20,
1002004,2,4,1002005,宝石宝箱,50,1006001;20,
1002005,2,5,1002006,宝石宝箱,100,1006001;20|1007001;5,
1002006,2,6,1002007,宝石宝箱,200,1006001;15|1007001;5|1006002;3|1006003;2,
1002007,2,7,1002008,宝石宝箱,500,1006001;15|1007001;5|1006002;3|1006003;2|1007002;2,
1002008,2,8,1002009,宝石宝箱,1000,1007001;15|1006002;5|1006003;3|1007002;2|1006004;2,
1002009,2,9,1002010,宝石宝箱,2000,1006002;15|1006003;5|1007002;3|1006004;2|1006005;2,
1002010,2,10,1002011,宝石宝箱,5000,1006003;15|1007002;5|1006004;3|1006005;2|1006006;2,
1002011,2,11,,宝石宝箱,10000,1007002;15|1006004;5|1006005;3|1006006;2|1006007;2,
1003001,3,1,1003002,召唤兽小屋,,,
1003002,3,2,1003003,召唤兽小屋,,,
1003003,3,3,1003004,召唤兽小屋,,,
1003004,3,4,1003005,召唤兽小屋,1000,1008001;20,
1003005,3,5,1003006,召唤兽小屋,2000,1008001;20|1008002;5,
1003006,3,6,1003007,召唤兽小屋,5000,1008001;15|1008002;5|1008003;5,
1003007,3,7,,召唤兽小屋,10000,1008001;15|1008002;5|1008003;5|1008004;5,
1004001,4,1,1004002,白铁剑,,,
1004002,4,2,1004003,钢锋剑,,,
1004003,4,3,1004004,破法剑,,,
1004004,4,4,1004005,符文剑,,,
1004005,4,5,1004006,秘银剑,,,
1004006,4,6,1004007,暮色剑,,,
1004007,4,7,1004008,断魂剑,,,
1004008,4,8,1004009,圣誓剑,,,
1004009,4,9,1004010,烈焰剑,,,
1004010,4,10,1004011,龙怨,,,
1004011,4,11,1004012,虚空,,,
1004012,4,12,1004013,天谴,,,
1004013,4,13,1004014,诸神,,,
1004014,4,14,1004015,永恒,,,
1004015,4,15,,创世,,,
1005001,5,1,1005002,流浪者,,,
1005002,5,2,1005003,守卫者,,,
1005003,5,3,1005004,御法者,,,
1005004,5,4,1005005,巨龙精魄,,,
1005005,5,5,1005006,圣光壁垒,,,
1005006,5,6,1005007,不灭冥王,,,
1005007,5,7,,永恒不朽,,,
1006001,6,1,1006002,碎晶,,,
1006002,6,2,1006003,璞玉,,,
1006003,6,3,1006004,尖晶,,,
1006004,6,4,1006005,玛瑙,,,
1006005,6,5,1006006,魔玉,,,
1006006,6,6,1006007,翡翠,,,
1006007,6,7,,琥珀,,,
1006008,6,8,1006009,红宝石,,,
1006009,6,9,1006010,绿宝石,,,
1006010,6,10,1006011,蓝钻,,,
1006011,6,11,1006012,星芒,,,
1006012,6,12,1006013,月光,,,
1006013,6,13,1006014,日炎,,,
1006014,6,14,,龙晶,,,
1007001,7,1,1007002,抄录本,,,
1007002,7,2,1007003,魔法入门,,,
1007003,7,3,1007004,元素法典,,,
1007004,7,4,1007005,秘法之钥,,,
1007005,7,5,1007006,圣域先哲,,,
1007006,7,6,1007007,湮灭禁典,,,
1007007,7,7,1008001,创世神喻,,,
1008001,8,1,1008002,野性兽,,,
1008002,8,2,1008003,温顺兽,,,
1008003,8,3,1008004,异变兽,,,
1008004,8,4,1008005,魔血兽,,,
1008005,8,5,1008006,统领兽,,,
1008006,8,6,1008007,幻兽兽,,,
1008007,8,7,1008008,灾祸兽,,,
1008008,8,8,1008009,古老兽,,,
1008009,8,9,1008010,神话兽,,,
1008010,8,10,,主宰兽,,,
