装备id,类型：1、武器2、副武器3、头盔4、衣服5、腰带6、鞋子7、神器；8、技能书；9、队友,攻击力,攻击加成,暴击率,暴击伤害,伤害加成,普攻伤害,技能伤害,战斗力,icon
100010001,1,2,,,,,,,,
100010002,2,,2%,,,,,,,
100010003,3,,,2%,,,,,,
100010004,4,,,,5%,,,,,
100010005,5,,,,,1%,,,,
100010006,6,,,,,,2%,,,
100010007,7,,,,,,,2%,,
100010008,1,4,,,,,,,,
100010009,2,,0.04,,,,,,,
100010010,3,,,0.04,,,,,,
100010011,4,,,,0.1,,,,,
100010012,5,,,,,0.02,,,,
100010013,6,,,,,,0.04,,,
100010014,7,,,,,,,0.04,,
100010015,1,8,,,,,,,,
100010016,2,,0.08,,,,,,,
100010017,3,,,0.08,,,,,,
100010018,4,,,,0.2,,,,,
100010019,5,,,,,0.04,,,,
100010020,6,,,,,,0.08,,,
100010021,7,,,,,,,0.08,,
100010022,1,16,,,,,,,,
100010023,2,,0.16,,,,,,,
100010024,3,,,0.16,,,,,,
100010025,4,,,,0.4,,,,,
100010026,5,,,,,0.08,,,,
100010027,6,,,,,,0.16,,,
100010028,7,,,,,,,0.16,,
100010029,1,32,,,,,,,,
100010030,2,,0.32,,,,,,,
100010031,3,,,0.32,,,,,,
100010032,4,,,,0.8,,,,,
100010033,5,,,,,0.16,,,,
100010034,6,,,,,,0.32,,,
100010035,7,,,,,,,0.32,,
100020001,8,,,,,,,,,
100030001,9,1,,,,,,,,
100030002,9,3,,20%,,,,,,
100030003,9,5,,20%,,,,,,
100030004,9,10,,20%,,,,,,
100030005,9,20,,20%,,,,,,
100030006,9,30,,20%,,,,,,
100030007,9,50,,20%,,,,,,
44,3,1004007；1007002,100030006,1,,,,,,
45,3,1008002,100010021,1,,,,,,
46,3,1006006,100020001,10,,,,,,
47,3,1006007,100010022,1,,,,,,
48,3,1005005；1007003,100030002,1,,,,,,
49,3,1004006；1005004,100030003,1,,,,,,
50,3,1005005,100020001,10,,,,,,
51,3,1004005,100010023,1,,,,,,
52,3,1005004,100020001,10,,,,,,
53,3,1007003,100010024,1,,,,,,
54,3,1007004,100020001,10,,,,,,
55,3,1006006,100010025,1,,,,,,
56,3,1004007,100010026,1,,,,,,
57,3,1005002；1006005,100030003,1,,,,,,
58,3,1004007；1007002,100030004,1,,,,,,
59,3,1004008,100010027,1,,,,,,
60,4,1006006,100020001,10,,,,,,
61,4,1006007,100010028,1,,,,,,
62,4,1005005；1007003,100030004,1,,,,,,
63,4,1004006；1005004,100030005,1,,,,,,
64,4,1005005,100010029,1,,,,,,
65,4,1004005,100020001,10,,,,,,
66,4,1008004,100010030,1,,,,,,
67,4,1007003,100020001,10,,,,,,
68,4,1007004,100010031,1,,,,,,
69,4,1006006,100020001,10,,,,,,
70,4,1004007,100010032,1,,,,,,
71,4,1005002；1006005,100030005,1,,,,,,
72,4,1004007；1007002,100030006,1,,,,,,
73,4,1004008,100010033,1,,,,,,
74,4,1006006,100020001,10,,,,,,
75,4,1006007,100010034,1,,,,,,
76,4,1005005；1007003,100030006,1,,,,,,
77,4,1004006；1005004,100030007,1,,,,,,
78,4,1005005,100010035,1,,,,,,
79,4,1004005,100020001,10,,,,,,
80,4,1005004,100030002,1,,,,,,
81,4,1007003,100020001,10,,,,,,
82,4,1007004,100010028,1,,,,,,
83,4,1008004,100030002,1,,,,,,
84,4,1004007,100010029,1,,,,,,
85,4,1005002；1006005,100030006,1,,,,,,
86,4,1004007；1007002,100030007,1,,,,,,
87,4,1004008,100030002,1,,,,,,
88,4,1006006,100020001,10,,,,,,
89,4,1006007,100010031,1,,,,,,
90,4,1005005；1007003,100030006,1,,,,,,
91,4,1004006；1005004,100030007,1,,,,,,
92,4,1005005,100030002,1,,,,,,
93,4,1004005,100010032,1,,,,,,
94,4,1005004,100020001,10,,,,,,
95,4,1007003,100030002,1,,,,,,
96,4,1007004,100030003,1,,,,,,
97,4,1008004,100010033,1,,,,,,
98,4,1004007,100020001,10,,,,,,
99,4,1005002；1006005,100030006,1,,,,,,
100,4,1004007；1007002,100030007,1,,,,,,
