item_id,item_type,chain_type,level,next_id,name,open_cost,drop_pool,icon,iconName,description
101,generator,1,1,102,木料箱,1,201;1,survival.svg,wood-crate,单击消耗1精力获得木枝；两个木料箱可合成升级。
102,generator,1,2,,木料工作台,1,201;4|202;1,survival.svg,workbench,同链最高等级生成器可用；有机会直接产出木板。
111,generator,2,1,,食材篮,1,211;1,survival.svg,basket,单击消耗1精力获得野莓。
121,generator,3,1,,储水桶,1,221;1,survival.svg,barrel,单击消耗1精力获得一杯饮水。
131,generator,4,1,,药草盒,1,231;1,survival.svg,herb-box,单击消耗1精力获得药草。
201,normal,5,1,202,木枝,,,survival.svg,twig,两个木枝合成为木板；建材不直接使用。
202,normal,5,2,203,木板,,,survival.svg,plank,两个木板合成为木料。
203,normal,5,3,,木料,,,survival.svg,lumber,用于营地建设的整备木料。
211,normal,6,1,212,野莓,,,survival.svg,berries,使用补充10饱食；也可合成更丰盛的食物。
212,normal,6,2,213,果酱,,,survival.svg,jam,使用补充25饱食。
213,normal,6,3,,野餐餐盒,,,survival.svg,meal,使用补充40饱食。
221,normal,7,1,222,一杯饮水,,,survival.svg,cup,使用补充20水分。
222,normal,7,2,,一壶饮水,,,survival.svg,bottle,使用补充40水分。
231,normal,8,1,232,药草,,,survival.svg,herb,使用恢复5生命；合成可提高效果。
232,normal,8,2,,草药绷带,,,survival.svg,bandage,使用恢复20生命。
241,special,9,1,242,能量补给,,,survival.svg,energy,双击或点使用增加50精力，可超过100；特殊补给不可丢弃。
242,special,9,2,,充盈补给,,,survival.svg,energy-large,双击或点使用增加120精力，可超过100。
141,generator,10,1,,工具箱,1,251;1|261;1,survival.svg,toolbox,单击消耗1精力生产工具零件；在商店免费领取工具箱。
251,normal,11,1,252,斧头零件,,,survival.svg,axe-parts,两个斧头零件合成一把斧头。
252,normal,11,2,,斧头,,,survival.svg,axe,清理一棵树或旧路标时消耗一把。
261,normal,12,1,262,石镐零件,,,survival.svg,pickaxe-parts,两个石镐零件合成一把石镐。
262,normal,12,2,,石镐,,,survival.svg,pickaxe,清理一块石头或废弃营火时消耗一把。
